* Vendor Number,* Vendor Name,Address Line 1,Address Line 2,City,State,Zip Code,Country,Phone,Email,Contact Name,Credit Limit
1000,Internal Order,,,,,,,,jerinsebastian@bandbconcrete.com,,
1001,Arman Supply Inc.,381 Route 59,,West Nyack,NY,10994,United States,8453586446,armansupplyinc@gmail.com,Lou,
1002,Azores Concrete Pumping LLC,852 Franklin Ave.,411,Franklin Lakes,NJ,07417,United States,9148049101,simpac24@aol.com,,
1003,Beckerle Lumber Supply Co Inc,P.O Box 649 3 Chestnut St,,Spring Valley,NY,10977,United States,8453594633,office@beckerlelumber.com,,
1004,Bonded Concrete,PO Box 189,,Watervliet,NY,12189,United States,5182735800,ar@bondedconcrete.com,,
1005,Brewster Transit Mix,31 Field Lane,,Brewster,NY,10509,United States,8453594633,Marilyn.tyree@brewstertransitmix.com,,
1006,Byram Concrete & Supply LLC,PO Box 410,,Brewster,NY,10509,United States,8452794270,billing@byramconcrete.com,,
1007,Dakota Concrete Services,51 Route 100,,Briarcliff Manor,NY,10510,United States,9146824477,AR@DAKOTA-CONCRETE.COM,,
1008,Danbury Concrete Pumping LLC,2 Durham Road,,Danbury,CT,06811,United States,2037918087,vcarvalho@danburyconcretepumpingllc.com,,
1009,Dick's Concrete Company,1053 County Route 37,,New Hampton,NY,10958,United States,8453745966,dicksconcreteny@aol.com,Renee,
1010,E. Tetz and Sons,130 Crotty Road,,Middletown,NY,10941,United States,8456924486,mainoffice@etetz-sons.com,,
1011,Grade Industrial Supply,1418 RT ,9D,Wappingers Falls,NY,12590,United States,8457658997,ar@gradeindustrial.com,Rick Fahy,
1012,Hudson Valley Concrete Pumping Inc.,P.O. BOX 575,,Wallkill,NY,12589,United States,8457782986,sbhvcc@gmail.com,Smith,
1013,Prime Rebar,36 South Adamsville Rd,Bay 1,Bridgewater,NJ,08807,United States,9087071234,office@primerebar.com,,
1014,Rockland Transit Mix Inc.,381 Route 59,,West Nyack,NY,10994,United States,8453586446,rocktmix@verizon.net,,
1015,Salomone Redi Mix of NY LLC,17 Demarest Drive,,Wayne,NJ,07470,United States,9733050022,mprzychodzki@salomone.com,,
1016,Smith Bros. Concrete,P.O. BOX 575,,Wallkill,NY,12589,United States,8457782997,sbhvcc@gmail.com,,
1017,Smyrna Ready Mix - SRM Concrete,1000 Hollingshead Circle,,Murfreesboro,TN,37129,United States,6153551028,jvaughn@smyrnareadymix.com,Jennifer,
1018,Stateside Forming Inc.,PO Box 630,,West Haverstraw,NY,10993,United States,6314587019,david.gallagher@statesideforming.com,Colm,
1019,Sullivan Concrete Inc,1936 State Route 17B,,White Lake,NY,12786,United States,8452504001,ar@mastenenterprises.com,,
1020,Sunbelt Rentals INC.,PO BOX 409211,,Atlanta,GA,30384,United States,,,,
1021,White Cap,PO Box 4944,,Orlando,FL,32802,United States,5184383976,Stephany.Goyette@whitecap.com,Stephany Goyette,
1022,Townhouse Office Park Associates,,,,,,United States,,joesapienza@ymail.com,,
1023,PlanGrid Inc.,Post Office Box 1672,,Carol Stream,IL,60132,United States,,,,
1024,Local 754 Union,,,,,,United States,,,,
1025,Local 235 Union,41 Knollwood Road,,Elmsford,NY,10523,United States,,,,
1026,John To go,21 Van Natta Dr,,Ringwood,NJ,07456,United States,8453622300,gittyb@johntogo.com,,
1027,Foundation Software,17800 Royalton Rd,,Strongsville,OH,44136,United States,,,,
1028,Colliers Engineering & Design Inc,101 Crawfords Corner Road,Suite 3400,Holmdel,NJ,07733,United States,7323831950,,,
1029,Carlo Minuto Carting Company,PO Box 234,,West Nyack,NY,10994,United States,8453532220,minutocartingco@gmail.com,,
1030,American Compressed Gases Inc.,PO BOX 715,,Westwood,NJ,07675,United States,2017673200,catencio@acgdic.com,,
1031,All Brite Cleaning Co.,12 Spur Dr,,Nanuet,NJ,10954,United States,8456236423,,,
1032,Abbey Ice & Spring Water,69 W. Church St.,,Spring Valley,NY,10977,United States,8453561700,,,
1033,"Nyack Lumber, Inc",118 Route 59,,Central Nyack,NY,10960,United States,8453589763,nyacklumberdesk@gmail.com,Mike,
