* Customer Number,* Customer Name,*Sort Name,Address Line 1,Address Line 2,City,State,Zip Code,Contact,Phone,Fax,Email
1001,TAM Enterprises Inc.,TAM Enterprises Inc.,114 Harley Rd,,Goshen,NY,10924.0,Amy Shultis,8452948882,8452948883,accountingadmin@tamenterprises.com; amy@tamenterprises.com; bcutler@tamenterprises.com
1002,Worth Construction Co. Inc.,Worth Construction,24 Taylor Ave,,Bethel,CT,6801.0,Michael Pontoriero,2037978788,,pontorierom@worthconstruction.com; kuehnc@worthconstruction.com; roachn@worthconstruction.com
1003,Barone Construction Group Inc.,Barone Construction ,P.O. Box 876,,Highland,NY,12528.0,Joseph Barone,`,,joseph.barone@bcgcmgc.com
1004,Key Construction Services LLC,Key Construction ,4246 Albany Post Road,Suite 1,Highland,NY,12538.0,Joann Delligatti,845-454-1192   ,845-454-1193,joann@contactkcs.com; adt@contactkcs.com;
1005,Butler Construction,Butler Construction,275 Union St,,Montgomery,NY,12549.0,Eric Butler,845-769-7413,,ebutler@butlerconstructiongroup.com; jessicam@butlerconstructiongroup.com; estimating@butlerconstructiongroup.com
1006,ADP Group Inc,ADP Group Inc,27 East 33rd Street,,Paterson,NJ,7514.0,Daniel Kochovski,9736890449,9736890466,daniel@adpgrp.com; elena@adpgrp.com
1007,Grace Contracting & Development LLC,Grace Contracting ,200 E Erie Street,Suite 1W,Blauvelt,NY,10913.0,John Cervini ,8442925629,,"accounting@gcdny.com
Admin@gcdny.com"
1008,Gallo Construction Corporation,Gallo Construction,50 Lincoln Avenue,,Watervliet,NY,12189.0,Helen Crandall,5182730234,5182730245,hcrandall@gallogc.com; lradigan@gallogc.com; jparsons@gallogc.com
1009,Pierotti Corp,Pierotti Corp,,,,,,Lauren Benson,,,"laurenb@pierotticorp.com; stevem@pierotticorp.com; 
"
1010,J Squared Construction,J Squared Construct,,,,,,John Saia Jr.,,,jsaia@jsquaredconstruct.com
1011,Nurzia Construction,Nurzia Construction,,,,,,Pete Nurzia,,,pete@nurziaconstruction.com
1012,DeRosa Sports Construction,DeRosa Sports Const,625 Waverly Ave,,Mamaroneck,NY,10543.0,John Palma,,,johnp@derosasports.com; matt@derosasports.com
1013,Malum Excavating,Malum Excavating,,,,,,John Stramiello,,,jstramiello@malumllc.com; bookkeeper@malumllc.com
1014,Mt. Olympus,Mt. Olympus,,,,,,Georgios Kyritsis,,,olympusrestoration3@gmail.com
1015,GL Group,GL Group,,,,,,Baze Manasiev,,,pm5@glgroupinc.com
1016,Brennan Construction,Brennan Const,,,,,,Fred Todd,,,ftodd@brennanconstruction.com
1017,APS,155-161 Pennsylvania Ave,,,Paterson,NJ,7503.0,,,,
1018,Andron,,,,,,,,,,
